Date,Close,Signal,Portfolio Value,Rise/Fall,Stocks Held,Cash in Hand
2020-01-01,509.7279357910156,0,100000.0,0.0,0,100000.0
2020-01-02,512.8151245117188,0,100000.0,0.0,0,100000.0
2020-01-03,506.0707702636719,0,100000.0,0.0,0,100000.0
2020-01-06,498.23388671875,0,100000.0,0.0,0,100000.0
2020-01-07,500.2762451171875,0,100000.0,0.0,0,100000.0
2020-01-08,498.37640380859375,0,100000.0,0.0,0,100000.0
2020-01-09,514.1450805664062,0,100000.0,0.0,0,100000.0
2020-01-10,519.2271118164062,0,100000.0,0.0,0,100000.0
2020-01-13,527.1589965820312,0,100000.0,0.0,0,100000.0
2020-01-14,534.3309326171875,0,100000.0,0.0,0,100000.0
2020-01-15,541.2178955078125,0,100000.0,0.0,0,100000.0
2020-01-16,539.0330200195312,0,100000.0,0.0,0,100000.0
2020-01-17,540.7903442382812,0,100000.0,0.0,0,100000.0
2020-01-20,538.795654296875,0,100000.0,0.0,0,100000.0
2020-01-21,525.1166381835938,0,100000.0,0.0,0,100000.0
2020-01-22,525.8765869140625,0,100000.0,0.0,0,100000.0
2020-01-23,538.1305541992188,0,100000.0,0.0,0,100000.0
2020-01-24,539.3179931640625,0,100000.0,0.0,0,100000.0
2020-01-27,549.3396606445312,0,100000.0,0.0,0,100000.0
2020-01-28,543.8301391601562,0,100000.0,0.0,0,100000.0
2020-01-29,548.8171997070312,0,100000.0,0.0,0,100000.0
2020-01-30,539.4129638671875,0,100000.0,0.0,0,100000.0
2020-01-31,538.7481079101562,0,100000.0,0.0,0,100000.0
2020-02-03,530.7212524414062,0,100000.0,0.0,0,100000.0
2020-02-04,548.009765625,0,100000.0,0.0,0,100000.0
2020-02-05,555.0867309570312,0,100000.0,0.0,0,100000.0
2020-02-06,551.09716796875,0,100000.0,0.0,0,100000.0
2020-02-07,540.6004028320312,0,100000.0,0.0,0,100000.0
2020-02-10,501.9386291503906,0,100000.0,0.0,0,100000.0
2020-02-11,497.80645751953125,0,100000.0,0.0,0,100000.0
2020-02-12,504.4083557128906,0,100000.0,0.0,0,100000.0
2020-02-13,506.8781433105469,0,100000.0,0.0,0,100000.0
2020-02-14,496.8089599609375,0,100000.0,0.0,0,100000.0
2020-02-17,496.571533203125,0,100000.0,0.0,0,100000.0
2020-02-18,496.99896240234375,0,100000.0,0.0,0,100000.0
2020-02-19,500.038818359375,0,100000.0,0.0,0,100000.0
2020-02-20,498.5663146972656,0,100000.0,0.0,0,100000.0
2020-02-24,487.499755859375,0,100000.0,0.0,0,100000.0
2020-02-25,483.4626159667969,0,100000.0,0.0,0,100000.0
2020-02-26,477.810546875,0,100000.0,0.0,0,100000.0
2020-02-27,468.7863464355469,0,100000.0,0.0,0,100000.0
2020-02-28,434.1617126464844,0,100000.0,0.0,0,100000.0
2020-03-02,435.3490905761719,0,100000.0,0.0,0,100000.0
2020-03-03,442.90093994140625,0,100000.0,0.0,0,100000.0
2020-03-04,450.8802795410156,0,100000.0,0.0,0,100000.0
2020-03-05,455.2974548339844,0,100000.0,0.0,0,100000.0
2020-03-06,447.4130859375,0,100000.0,0.0,0,100000.0
2020-03-09,440.00372314453125,0,100000.0,0.0,0,100000.0
2020-03-11,428.984619140625,0,100000.0,0.0,0,100000.0
2020-03-12,402.1493225097656,0,100000.0,0.0,0,100000.0
2020-03-13,407.3739013671875,0,100000.0,0.0,0,100000.0
2020-03-16,372.1793212890625,0,100000.0,0.0,0,100000.0
2020-03-17,354.70074462890625,0,100000.0,0.0,0,100000.0
2020-03-18,329.0528564453125,0,100000.0,0.0,0,100000.0
2020-03-19,298.46539306640625,0,100000.0,0.0,0,100000.0
2020-03-20,306.44476318359375,0,100000.0,0.0,0,100000.0
2020-03-23,278.7070007324219,0,100000.0,0.0,0,100000.0
2020-03-24,255.5289306640625,0,100000.0,0.0,0,100000.0
2020-03-25,263.9356994628906,1,100000.0,0.0,100,73606.43
2020-03-26,271.20263671875,0,100726.69,726.69,100,73606.43
2020-03-27,279.75189208984375,0,101581.62,854.93,100,73606.43
2020-03-30,260.65850830078125,0,99672.28,-1909.34,100,73606.43
2020-03-31,270.68017578125,0,100674.45,1002.17,100,73606.43
2020-04-01,259.1861267089844,1,99525.04,-1149.4,200,47687.82
2020-04-03,266.64300537109375,0,101016.42,1491.38,200,47687.82
2020-04-07,304.9248962402344,0,108672.8,7656.38,200,47687.82
2020-04-08,310.0544128417969,0,109698.7,1025.9,200,47687.82
2020-04-09,362.3000793457031,0,120147.83,10449.13,200,47687.82
2020-04-13,344.6790771484375,0,116623.63,-3524.2,200,47687.82
2020-04-15,335.4648132324219,0,114780.78,-1842.85,200,47687.82
2020-04-16,338.8370666503906,0,115455.23,674.45,200,47687.82
2020-04-17,345.0115661621094,0,116690.13,1234.9,200,47687.82
2020-04-20,338.02960205078125,0,115293.74,-1396.39,200,47687.82
2020-04-21,315.42144775390625,0,110772.11,-4521.63,200,47687.82
2020-04-22,323.1633605957031,0,112320.49,1548.38,200,47687.82
2020-04-23,330.0977478027344,0,113707.37,1386.88,200,47687.82
2020-04-24,317.55877685546875,0,111199.57,-2507.79,200,47687.82
2020-04-27,313.7591247558594,0,110439.64,-759.93,200,47687.82
2020-04-28,319.126220703125,0,111513.06,1073.42,200,47687.82
2020-04-29,330.57275390625,0,113802.37,2289.31,200,47687.82
2020-04-30,348.28875732421875,0,117345.57,3543.2,200,47687.82
2020-05-04,339.1695251464844,0,115521.72,-1823.85,200,47687.82
2020-05-05,349.7136535644531,0,117630.55,2108.83,200,47687.82
2020-05-06,367.76214599609375,0,121240.25,3609.7,200,47687.82
2020-05-07,380.5860900878906,0,123805.04,2564.79,200,47687.82
2020-05-08,367.334716796875,0,121154.76,-2650.27,200,47687.82
2020-05-11,370.5644226074219,0,121800.7,645.94,200,47687.82
2020-05-12,373.3666687011719,0,122361.15,560.45,200,47687.82
2020-05-13,392.3651428222656,0,126160.85,3799.69,200,47687.82
2020-05-14,380.39617919921875,0,123767.05,-2393.79,200,47687.82
2020-05-15,362.2051086425781,0,120128.84,-3638.21,200,47687.82
2020-05-18,358.3104248046875,0,119349.9,-778.94,200,47687.82
2020-05-19,363.72503662109375,0,120432.82,1082.92,200,47687.82
2020-05-20,384.7657470703125,0,124640.97,4208.14,200,47687.82
2020-05-21,387.8529968261719,0,125258.42,617.45,200,47687.82
2020-05-22,404.99908447265625,0,128687.63,3429.22,200,47687.82
2020-05-26,407.6589050292969,0,129219.6,531.96,200,47687.82
2020-05-27,410.8410949707031,0,129856.04,636.44,200,47687.82
2020-05-28,418.3454895019531,0,131356.92,1500.88,200,47687.82
2020-05-29,414.4983215332031,0,130587.48,-769.43,200,47687.82
2020-06-01,438.00885009765625,0,135289.59,4702.11,200,47687.82
2020-06-02,439.6712341308594,0,135622.06,332.48,200,47687.82
2020-06-03,460.8070068359375,0,139849.22,4227.15,200,47687.82
2020-06-04,454.4900207519531,0,138585.82,-1263.4,200,47687.82
2020-06-05,459.9520568847656,0,139678.23,1092.41,200,47687.82
2020-06-08,447.2705993652344,0,137141.94,-2536.29,200,47687.82
2020-06-09,454.77496337890625,0,138642.81,1500.87,200,47687.82
2020-06-10,448.4104919433594,0,137369.92,-1272.89,200,47687.82
2020-06-11,450.7853088378906,0,137844.88,474.96,200,47687.82
2020-06-12,482.9876708984375,0,144285.35,6440.47,200,47687.82
2020-06-15,482.70263671875,0,144228.34,-57.01,200,47687.82
2020-06-16,481.3727722167969,0,143962.37,-265.97,200,47687.82
2020-06-17,472.6810302734375,0,142224.02,-1738.35,200,47687.82
2020-06-18,481.2303466796875,0,143933.89,1709.86,200,47687.82
2020-06-19,475.00830078125,0,142689.48,-1244.41,200,47687.82
2020-06-22,473.7734375,0,142442.5,-246.97,200,47687.82
2020-06-23,490.53955078125,0,145795.73,3353.22,200,47687.82
2020-06-24,489.5420837402344,0,145596.23,-199.49,200,47687.82
2020-06-25,481.8477478027344,0,144057.37,-1538.87,200,47687.82
2020-06-26,476.2906799316406,0,142945.95,-1111.41,200,47687.82
2020-06-29,482.0377502441406,0,144095.37,1149.41,200,47687.82
2020-06-30,485.125,0,144712.82,617.45,200,47687.82
2020-07-01,473.96343994140625,0,142480.51,-2232.31,200,47687.82
2020-07-02,503.17352294921875,0,148322.52,5842.02,200,47687.82
2020-07-03,503.9334716796875,0,148474.51,151.99,200,47687.82
2020-07-06,541.9778442382812,0,156083.39,7608.87,200,47687.82
2020-07-07,531.9561767578125,0,154079.05,-2004.33,200,47687.82
2020-07-08,523.644287109375,0,152416.67,-1662.38,200,47687.82
2020-07-09,532.2410888671875,0,154136.04,1719.36,200,47687.82
2020-07-10,527.0640258789062,0,153100.62,-1035.41,200,47687.82
2020-07-13,528.0139770507812,0,153290.61,189.99,200,47687.82
2020-07-14,517.8972778320312,0,151267.27,-2023.34,200,47687.82
2020-07-15,522.5994262695312,0,152207.7,940.43,200,47687.82
2020-07-16,544.6367797851562,0,156615.17,4407.47,200,47687.82
2020-07-17,561.7131958007812,0,160030.46,3415.28,200,47687.82
2020-07-20,566.6739501953125,0,161022.61,992.15,200,47687.82
2020-07-21,561.2362060546875,0,159935.06,-1087.55,200,47687.82
2020-07-22,564.7659912109375,0,160641.02,705.96,200,47687.82
2020-07-23,575.5939331054688,0,162806.6,2165.59,200,47687.82
2020-07-24,571.1578369140625,0,161919.38,-887.22,200,47687.82
2020-07-27,567.0556640625,0,161098.95,-820.43,200,47687.82
2020-07-28,591.811767578125,0,166050.17,4951.22,200,47687.82
2020-07-29,577.0248413085938,0,163092.79,-2957.39,200,47687.82
2020-07-30,570.8238525390625,0,161852.59,-1240.2,200,47687.82
2020-07-31,578.5513305664062,0,163398.08,1545.5,200,47687.82
2020-08-03,569.67919921875,0,161623.66,-1774.43,200,47687.82
2020-08-04,574.87841796875,0,162663.5,1039.84,200,47687.82
2020-08-05,585.9925537109375,0,164886.33,2222.83,200,47687.82
2020-08-06,581.6041259765625,0,164008.64,-877.69,200,47687.82
2020-08-07,572.827392578125,0,162253.3,-1755.35,200,47687.82
2020-08-10,599.9685668945312,0,167681.53,5428.23,200,47687.82
2020-08-11,600.588623046875,0,167805.54,124.01,200,47687.82
2020-08-12,605.740234375,0,168835.86,1030.32,200,47687.82
2020-08-13,602.4012451171875,0,168168.07,-667.8,200,47687.82
2020-08-14,586.183349609375,0,164924.49,-3243.58,200,47687.82
2020-08-17,594.9122924804688,0,166670.28,1745.79,200,47687.82
2020-08-18,594.0060424804688,0,166489.03,-181.25,200,47687.82
2020-08-19,595.1985473632812,0,166727.53,238.5,200,47687.82
2020-08-20,583.8936767578125,0,164466.55,-2260.97,200,47687.82
2020-08-21,581.7472534179688,0,164037.27,-429.28,200,47687.82
2020-08-24,574.25830078125,0,162539.48,-1497.79,200,47687.82
2020-08-25,581.31787109375,0,163951.39,1411.91,200,47687.82
2020-08-26,585.1339111328125,0,164714.6,763.21,200,47687.82
2020-08-27,607.4574584960938,0,169179.31,4464.71,200,47687.82
2020-08-28,602.3536376953125,0,168158.54,-1020.76,200,47687.82
2020-08-31,578.980712890625,0,163483.96,-4674.58,200,47687.82
2020-09-01,579.6006469726562,0,163607.95,123.99,200,47687.82
2020-09-02,613.181396484375,0,170324.1,6716.15,200,47687.82
2020-09-03,614.9939575195312,0,170686.61,362.51,200,47687.82
2020-09-04,602.9259033203125,0,168273.0,-2413.61,200,47687.82
2020-09-07,582.3672485351562,0,164161.27,-4111.73,200,47687.82
2020-09-08,580.6024169921875,0,163808.3,-352.97,200,47687.82
2020-09-09,585.6586303710938,0,164819.54,1011.24,200,47687.82
2020-09-10,587.1372680664062,0,165115.27,295.73,200,47687.82
2020-09-11,585.9925537109375,0,164886.33,-228.94,200,47687.82
2020-09-14,586.9940795898438,0,165086.63,200.31,200,47687.82
2020-09-15,585.2293090820312,0,164733.68,-352.95,200,47687.82
2020-09-16,610.033203125,0,169694.46,4960.78,200,47687.82
2020-09-17,607.5050659179688,0,169188.83,-505.63,200,47687.82
2020-09-18,624.0569458007812,0,172499.21,3310.38,200,47687.82
2020-09-21,593.8152465820312,0,166450.87,-6048.34,200,47687.82
2020-09-22,587.4711303710938,0,165182.04,-1268.82,200,47687.82
2020-09-23,584.4183349609375,0,164571.48,-610.56,200,47687.82
2020-09-24,548.6434936523438,0,157416.52,-7154.97,200,47687.82
2020-09-25,565.05224609375,0,160698.27,3281.75,200,47687.82
2020-09-28,586.9464721679688,0,165077.11,4378.85,200,47687.82
2020-09-29,584.9907836914062,0,164685.97,-391.14,200,47687.82
2020-09-30,579.9346313476562,0,163674.74,-1011.23,200,47687.82
2020-10-01,582.0811767578125,0,164104.05,429.31,200,47687.82
2020-10-05,579.0759887695312,0,163503.02,-601.04,200,47687.82
2020-10-06,598.5375366210938,0,167395.32,3892.31,200,47687.82
2020-10-07,602.5443115234375,0,168196.68,801.35,200,47687.82
2020-10-08,604.9769897460938,0,168683.22,486.54,200,47687.82
2020-10-09,604.07080078125,0,168501.98,-181.24,200,47687.82
2020-10-12,605.2155151367188,0,168730.92,228.94,200,47687.82
2020-10-13,599.0144653320312,0,167490.71,-1240.21,200,47687.82
2020-10-14,595.15087890625,0,166717.99,-772.72,200,47687.82
2020-10-15,588.902099609375,0,165468.24,-1249.76,200,47687.82
2020-10-16,578.7420654296875,0,163436.23,-2032.01,200,47687.82
2020-10-19,569.9652709960938,0,161680.87,-1755.36,200,47687.82
2020-10-20,574.5445556640625,0,162596.73,915.86,200,47687.82
2020-10-21,573.2089233398438,0,162329.6,-267.13,200,47687.82
2020-10-22,576.5479125976562,0,162997.4,667.8,200,47687.82
2020-10-23,596.39111328125,0,166966.04,3968.64,200,47687.82
2020-10-26,569.67919921875,0,161623.66,-5342.38,200,47687.82
2020-10-27,569.67919921875,0,161623.66,0.0,200,47687.82
2020-10-28,576.3571166992188,0,162959.24,1335.58,200,47687.82
2020-10-29,564.7183837890625,0,160631.49,-2327.75,200,47687.82
2020-10-30,566.6739501953125,0,161022.61,391.11,200,47687.82
2020-11-02,568.6296997070312,0,161413.76,391.15,200,47687.82
2020-11-03,568.3912353515625,0,161366.06,-47.69,200,47687.82
2020-11-04,569.3452758789062,0,161556.87,190.81,200,47687.82
2020-11-05,574.4013671875,0,162568.09,1011.22,200,47687.82
2020-11-06,585.3723754882812,0,164762.29,2194.2,200,47687.82
2020-11-09,587.995849609375,0,165286.99,524.69,200,47687.82
2020-11-10,591.4302368164062,0,165973.86,686.88,200,47687.82
2020-11-11,604.07080078125,0,168501.98,2528.11,200,47687.82
2020-11-12,603.59375,0,168406.57,-95.41,200,47687.82
2020-11-13,600.8748168945312,0,167862.78,-543.79,200,47687.82
2020-11-14,602.3058471679688,0,168148.99,286.21,200,47687.82
2020-11-17,607.9344482421875,0,169274.71,1125.72,200,47687.82
2020-11-18,673.283203125,0,182344.46,13069.75,200,47687.82
2020-11-19,671.518310546875,0,181991.48,-352.98,200,47687.82
2020-11-20,682.6799926757812,0,184223.82,2232.34,200,47687.82
2020-11-23,672.9969482421875,0,182287.21,-1936.61,200,47687.82
2020-11-24,695.7974243164062,0,186847.3,4560.1,200,47687.82
2020-11-25,686.8299560546875,0,185053.81,-1793.49,200,47687.82
2020-11-26,694.986572265625,0,186685.13,1631.32,200,47687.82
2020-11-27,688.7855834960938,0,185444.93,-1240.2,200,47687.82
2020-12-01,700.7583618164062,0,187839.49,2394.56,200,47687.82
2020-12-02,718.931884765625,0,191474.19,3634.7,200,47687.82
2020-12-03,711.5383911132812,0,189995.5,-1478.7,200,47687.82
2020-12-04,716.022216796875,0,190892.26,896.77,200,47687.82
2020-12-07,717.691650390625,0,191226.15,333.89,200,47687.82
2020-12-08,719.3134765625,0,191550.51,324.37,200,47687.82
2020-12-09,720.2675170898438,0,191741.32,190.81,200,47687.82
2020-12-10,702.2847290039062,0,188144.76,-3596.56,200,47687.82
2020-12-11,694.0802612304688,0,186503.87,-1640.89,200,47687.82
2020-12-14,678.9594116210938,0,183479.7,-3024.17,200,47687.82
2020-12-15,684.921875,0,184672.19,1192.49,200,47687.82
2020-12-16,698.2779541015625,0,187343.41,2671.22,200,47687.82
2020-12-17,697.0377197265625,0,187095.36,-248.05,200,47687.82
2020-12-18,699.8519287109375,0,187658.2,562.84,200,47687.82
2020-12-21,654.39404296875,0,178566.63,-9091.58,200,47687.82
2020-12-22,663.0753784179688,0,180302.89,1736.27,200,47687.82
2020-12-23,678.7686157226562,0,183441.54,3138.65,200,47687.82
2020-12-24,678.1962280273438,0,183327.06,-114.48,200,47687.82
2020-12-28,678.2440185546875,0,183336.62,9.56,200,47687.82
2020-12-29,674.5233764648438,0,182592.49,-744.13,200,47687.82
2020-12-30,687.5454711914062,0,185196.91,2604.42,200,47687.82
2020-12-31,687.449951171875,0,185177.81,-19.1,200,47687.82
2021-01-01,698.7549438476562,0,187438.81,2261.0,200,47687.82
2021-01-04,714.638916015625,0,190615.6,3176.79,200,47687.82
2021-01-05,706.052978515625,0,188898.41,-1717.19,200,47687.82
2021-01-06,702.2369995117188,0,188135.22,-763.2,200,47687.82
2021-01-07,710.1551513671875,0,189718.85,1583.63,200,47687.82
2021-01-08,735.054443359375,0,194698.71,4979.86,200,47687.82
2021-01-11,752.7987670898438,0,198247.57,3548.86,200,47687.82
2021-01-12,743.9743041992188,0,196482.68,-1764.89,200,47687.82
2021-01-13,790.2432250976562,0,205736.46,9253.78,200,47687.82
2021-01-14,791.7218627929688,0,206032.19,295.73,200,47687.82
2021-01-15,781.9434204101562,0,204076.5,-1955.69,200,47687.82
2021-01-18,771.7833251953125,0,202044.48,-2032.02,200,47687.82
2021-01-19,770.8770141601562,0,201863.22,-181.26,200,47687.82
2021-01-20,786.5703125,0,205001.88,3138.66,200,47687.82
2021-01-21,771.0678100585938,0,201901.38,-3100.5,200,47687.82
2021-01-22,761.6710205078125,0,200022.02,-1879.36,200,47687.82
2021-01-25,757.9981079101562,0,199287.44,-734.58,200,47687.82
2021-01-27,734.52978515625,0,194593.77,-4693.66,200,47687.82
2021-01-28,729.8074951171875,0,193649.32,-944.46,200,47687.82
2021-01-29,715.115966796875,0,190711.01,-2938.31,200,47687.82
2021-02-01,758.5704345703125,0,199401.9,8690.89,200,47687.82
2021-02-02,779.2721557617188,0,203542.25,4140.34,200,47687.82
2021-02-03,794.8701171875,0,206661.84,3119.59,200,47687.82
2021-02-04,826.63818359375,0,213015.45,6353.61,200,47687.82
2021-02-05,825.6841430664062,0,212824.65,-190.81,200,47687.82
2021-02-08,885.6905517578125,0,224825.93,12001.28,200,47687.82
2021-02-09,853.8270874023438,0,218453.23,-6372.69,200,47687.82
2021-02-10,872.0960693359375,0,222107.03,3653.8,200,47687.82
2021-02-11,872.143798828125,0,222116.58,9.55,200,47687.82
2021-02-12,866.7537231445312,0,221038.56,-1078.02,200,47687.82
2021-02-15,869.90185546875,0,221668.19,629.63,200,47687.82
2021-02-16,870.2357788085938,0,221734.97,66.78,200,47687.82
2021-02-17,872.8592529296875,0,222259.67,524.69,200,47687.82
2021-02-18,853.3023071289062,0,218348.28,-3911.39,200,47687.82
2021-02-19,838.8015747070312,0,215448.13,-2900.15,200,47687.82
2021-02-22,798.5906372070312,0,207405.94,-8042.19,200,47687.82
2021-02-23,802.2636108398438,0,208140.54,734.59,200,47687.82
2021-02-24,810.515625,0,209790.94,1650.4,200,47687.82
2021-02-25,819.483154296875,0,211584.45,1793.51,200,47687.82
2021-02-26,769.302978515625,0,201548.41,-10036.04,200,47687.82
2021-03-01,781.7525634765625,0,204038.33,2489.92,200,47687.82
2021-03-02,820.4849243164062,0,211784.8,7746.47,200,47687.82
2021-03-03,812.8529052734375,0,210258.4,-1526.4,200,47687.82
2021-03-04,806.36572265625,0,208960.96,-1297.44,200,47687.82
2021-03-05,801.7388305664062,0,208035.58,-925.38,200,47687.82
2021-03-08,811.8511352539062,0,210058.04,2022.46,200,47687.82
2021-03-09,812.80517578125,0,210248.85,190.81,200,47687.82
2021-03-10,824.0623168945312,0,212500.28,2251.43,200,47687.82
2021-03-12,816.4303588867188,0,210973.89,-1526.39,200,47687.82
2021-03-15,805.5548095703125,0,208798.78,-2175.11,200,47687.82
2021-03-16,804.0760498046875,0,208503.03,-295.75,200,47687.82
2021-03-17,798.4475708007812,0,207377.33,-1125.7,200,47687.82
2021-03-18,806.747314453125,0,209037.28,1659.95,200,47687.82
2021-03-19,811.1834106445312,0,209924.5,887.22,200,47687.82
2021-03-22,813.806884765625,0,210449.19,524.69,200,47687.82
2021-03-23,805.7933349609375,0,208846.48,-1602.71,200,47687.82
2021-03-24,774.072998046875,0,202502.42,-6344.07,200,47687.82
2021-03-25,755.2792358398438,0,198743.66,-3758.75,200,47687.82
2021-03-26,762.5772094726562,0,200203.26,1459.59,200,47687.82
2021-03-30,758.4273681640625,0,199373.29,-829.97,200,47687.82
2021-03-31,758.6658325195312,0,199420.98,47.69,200,47687.82
2021-04-01,770.4476928710938,0,201777.36,2356.37,200,47687.82
2021-04-05,738.82275390625,0,195452.37,-6324.99,200,47687.82
2021-04-06,745.166748046875,0,196721.17,1268.8,200,47687.82
2021-04-07,759.6676635742188,0,199621.35,2900.18,200,47687.82
2021-04-08,758.5704345703125,0,199401.9,-219.45,200,47687.82
2021-04-09,754.7545166015625,0,198638.72,-763.18,200,47687.82
2021-04-12,716.9285888671875,0,191073.54,-7565.19,200,47687.82
2021-04-13,773.9298706054688,0,202473.79,11400.26,200,47687.82
2021-04-15,768.0628051757812,0,201300.38,-1173.41,200,47687.82
2021-04-16,783.8513793945312,0,204458.09,3157.71,200,47687.82
2021-04-19,758.379638671875,0,199363.75,-5094.35,200,47687.82
2021-04-20,773.8344116210938,0,202454.7,3090.95,200,47687.82
2021-04-22,762.9112548828125,0,200270.07,-2184.63,200,47687.82
2021-04-23,742.114013671875,0,196110.62,-4159.45,200,47687.82
2021-04-26,744.5944213867188,0,196606.7,496.08,200,47687.82
2021-04-27,742.591064453125,0,196206.03,-400.67,200,47687.82
2021-04-28,746.1207885742188,0,196911.98,705.94,200,47687.82
2021-04-29,738.9658813476562,0,195480.99,-1430.98,200,47687.82
2021-04-30,717.9302368164062,0,191273.86,-4207.13,200,47687.82
2021-05-03,718.3118286132812,0,191350.18,76.32,200,47687.82
2021-05-04,707.0546264648438,0,189098.74,-2251.44,200,47687.82
2021-05-05,713.1602172851562,0,190319.86,1221.12,200,47687.82
2021-05-06,713.0171508789062,0,190291.25,-28.61,200,47687.82
2021-05-07,732.0970458984375,0,194107.23,3815.98,200,47687.82
2021-05-10,744.5468139648438,0,196597.18,2489.95,200,47687.82
2021-05-11,740.3014526367188,0,195748.11,-849.07,200,47687.82
2021-05-12,724.7512817382812,0,192638.07,-3110.03,200,47687.82
2021-05-14,707.3885498046875,0,189165.53,-3472.55,200,47687.82
2021-05-17,718.8842163085938,0,191464.66,2299.13,200,47687.82
2021-05-18,761.003173828125,0,199888.45,8423.79,200,47687.82
2021-05-19,748.6965942382812,0,197427.14,-2461.32,200,47687.82
2021-05-20,766.2978515625,0,200947.39,3520.25,200,47687.82
2021-05-21,781.2755737304688,0,203942.93,2995.54,200,47687.82
2021-05-24,772.7373657226562,0,202235.29,-1707.64,200,47687.82
2021-05-25,773.9298706054688,0,202473.79,238.5,200,47687.82
2021-05-26,783.422119140625,0,204372.24,1898.45,200,47687.82
2021-05-27,790.4816284179688,0,205784.14,1411.9,200,47687.82
2021-05-28,806.9381103515625,0,209075.44,3291.3,200,47687.82
2021-05-31,770.7816162109375,0,201844.14,-7231.3,200,47687.82
2021-06-01,769.2075805664062,0,201529.33,-314.81,200,47687.82
2021-06-02,769.1121215820312,0,201510.24,-19.09,200,47687.82
2021-06-03,765.153076171875,0,200718.43,-791.81,200,47687.82
2021-06-04,767.5857543945312,0,201204.97,486.54,200,47687.82
2021-06-07,766.8703002929688,0,201061.88,-143.09,200,47687.82
2021-06-08,770.6862182617188,0,201825.06,763.18,200,47687.82
2021-06-09,767.4426879882812,0,201176.35,-648.71,200,47687.82
2021-06-10,769.8276977539062,0,201653.36,477.0,200,47687.82
2021-06-11,771.7833251953125,0,202044.48,391.13,200,47687.82
2021-06-14,770.3046875,0,201748.75,-295.73,200,47687.82
2021-06-15,771.4017333984375,0,201968.16,219.41,200,47687.82
2021-06-16,769.064453125,0,201500.71,-467.46,200,47687.82
2021-06-17,768.6351318359375,0,201414.84,-85.86,200,47687.82
2021-06-18,745.5961303710938,0,196807.04,-4607.8,200,47687.82
2021-06-21,741.1123657226562,0,195910.29,-896.75,200,47687.82
2021-06-22,739.5382690429688,0,195595.47,-314.82,200,47687.82
2021-06-23,745.9777221679688,0,196883.36,1287.89,200,47687.82
2021-06-24,755.3745727539062,0,198762.73,1879.37,200,47687.82
2021-06-25,757.7119140625,0,199230.2,467.47,200,47687.82
2021-06-28,756.996337890625,0,199087.08,-143.12,200,47687.82
2021-06-29,745.643798828125,0,196816.58,-2270.51,200,47687.82
2021-06-30,741.9231567382812,0,196072.45,-744.13,200,47687.82
2021-07-01,743.5927734375,0,196406.37,333.92,200,47687.82
2021-07-02,746.5978393554688,0,197007.39,601.01,200,47687.82
2021-07-05,755.326904296875,0,198753.2,1745.81,200,47687.82
2021-07-06,745.9299926757812,0,196873.82,-1879.38,200,47687.82
2021-07-07,743.0680541992188,0,196301.43,-572.39,200,47687.82
2021-07-08,740.5399169921875,0,195795.8,-505.63,200,47687.82
2021-07-09,736.0560913085938,0,194899.04,-896.77,200,47687.82
2021-07-12,737.2963256835938,0,195147.08,248.05,200,47687.82
2021-07-13,745.2145385742188,0,196730.73,1583.64,200,47687.82
2021-07-14,749.9844970703125,0,197684.72,953.99,200,47687.82
2021-07-15,752.3963623046875,0,198167.09,482.37,200,47687.82
2021-07-16,752.2999267578125,0,198147.8,-19.29,200,47687.82
2021-07-19,748.44091796875,0,197376.0,-771.8,200,47687.82
2021-07-20,733.3911743164062,0,194366.05,-3009.95,200,47687.82
2021-07-22,731.7028198242188,0,194028.38,-337.67,200,47687.82
2021-07-23,737.2500610351562,0,195137.83,1109.45,200,47687.82
2021-07-26,727.6991577148438,0,193227.65,-1910.18,200,47687.82
2021-07-27,719.2577514648438,0,191539.37,-1688.28,200,47687.82
2021-07-28,703.0020141601562,0,188288.22,-3251.15,200,47687.82
2021-07-29,705.6549682617188,0,188818.81,530.59,200,47687.82
2021-07-30,716.8941040039062,0,191066.64,2247.83,200,47687.82
2021-08-02,730.979248046875,0,193883.67,2817.03,200,47687.82
2021-08-03,743.6654663085938,0,196420.91,2537.24,200,47687.82
2021-08-04,739.227783203125,0,195533.37,-887.54,200,47687.82
2021-08-05,732.571044921875,0,194202.03,-1331.35,200,47687.82
2021-08-06,731.5098876953125,0,193989.79,-212.23,200,47687.82
2021-08-09,747.6209106445312,0,197212.0,3222.2,200,47687.82
2021-08-10,758.5706176757812,0,199401.94,2189.94,200,47687.82
2021-08-11,751.2387084960938,0,197935.56,-1466.38,200,47687.82
2021-08-12,748.8268432617188,0,197453.19,-482.37,200,47687.82
2021-08-13,751.1905517578125,0,197925.93,472.74,200,47687.82
2021-08-16,771.1121826171875,0,201910.25,3984.33,200,47687.82
2021-08-17,762.767333984375,0,200241.28,-1668.97,200,47687.82
2021-08-18,763.4425659179688,0,200376.33,135.05,200,47687.82
2021-08-20,757.9435424804688,0,199276.53,-1099.8,200,47687.82
2021-08-23,738.89013671875,0,195465.84,-3810.68,200,47687.82
2021-08-24,750.7081298828125,0,197829.44,2363.6,200,47687.82
2021-08-25,744.8231811523438,0,196652.45,-1176.99,200,47687.82
2021-08-26,753.8434448242188,0,198456.51,1804.05,200,47687.82
2021-08-27,747.8139038085938,0,197250.6,-1205.91,200,47687.82
2021-08-30,763.6355590820312,0,200414.93,3164.33,200,47687.82
2021-08-31,765.3237915039062,0,200752.58,337.65,200,47687.82
2021-09-01,742.7490234375,0,196237.62,-4514.95,200,47687.82
2021-09-02,725.9143676757812,0,192870.69,-3366.93,200,47687.82
2021-09-03,723.454345703125,0,192378.69,-492.0,200,47687.82
2021-09-06,728.1333618164062,0,193314.49,935.8,200,47687.82
2021-09-07,726.54150390625,0,192996.12,-318.37,200,47687.82
2021-09-08,728.1333618164062,0,193314.49,318.37,200,47687.82
2021-09-09,724.2744140625,0,192542.7,-771.79,200,47687.82
2021-09-13,719.2577514648438,0,191539.37,-1003.33,200,47687.82
2021-09-14,723.7437744140625,0,192436.57,897.2,200,47687.82
2021-09-15,728.4708862304688,0,193381.99,945.42,200,47687.82
2021-09-16,730.2557373046875,0,193738.96,356.97,200,47687.82
2021-09-17,727.5545043945312,0,193198.72,-540.25,200,47687.82
2021-09-20,712.0221557617188,0,190092.25,-3106.47,200,47687.82
2021-09-21,712.4081420898438,0,190169.45,77.2,200,47687.82
2021-09-22,725.962646484375,0,192880.35,2710.9,200,47687.82
2021-09-23,731.7028198242188,0,194028.38,1148.03,200,47687.82
2021-09-24,751.9622192382812,0,198080.26,4051.88,200,47687.82
2021-09-27,782.7372436523438,0,204235.27,6155.0,200,47687.82
2021-09-28,777.6241455078125,0,203212.65,-1022.62,200,47687.82
2021-09-29,783.4607543945312,0,204379.97,1167.32,200,47687.82
2021-09-30,774.72998046875,0,202633.81,-1746.15,200,47687.82
2021-10-01,798.6553344726562,0,207418.88,4785.07,200,47687.82
2021-10-04,811.4863891601562,0,209985.1,2566.21,200,47687.82
2021-10-05,813.3193359375,0,210351.68,366.59,200,47687.82
2021-10-06,804.6849365234375,0,208624.8,-1726.88,200,47687.82
2021-10-07,847.2779541015625,0,217143.41,8518.6,200,47687.82
2021-10-08,846.8439331054688,0,217056.6,-86.8,200,47687.82
2021-10-11,864.01611328125,0,220491.04,3434.44,200,47687.82
2021-10-12,858.7100830078125,0,219429.83,-1061.21,200,47687.82
2021-10-13,902.3643188476562,0,228160.68,8730.85,200,47687.82
2021-10-14,898.5535888671875,0,227398.54,-762.15,200,47687.82
2021-10-18,878.8248291015625,0,223452.78,-3945.75,200,47687.82
2021-10-19,885.143798828125,0,224716.58,1263.79,200,47687.82
2021-10-20,867.6338500976562,0,221214.59,-3501.99,200,47687.82
2021-10-21,865.3667602539062,0,220761.17,-453.42,200,47687.82
2021-10-22,856.5393676757812,0,218995.69,-1765.48,200,47687.82
2021-10-25,859.2889404296875,0,219545.61,549.91,200,47687.82
2021-10-26,863.003173828125,0,220288.45,742.85,200,47687.82
2021-10-27,855.5264282226562,0,218793.1,-1495.35,200,47687.82
2021-10-28,852.6804809570312,0,218223.91,-569.19,200,47687.82
2021-10-29,853.0664672851562,0,218301.11,77.2,200,47687.82
2021-11-01,839.6565551757812,0,215619.13,-2681.98,200,47687.82
2021-11-02,831.1187133789062,0,213911.56,-1707.57,200,47687.82
2021-11-03,819.0595703125,0,211499.73,-2411.83,200,47687.82
2021-11-04,842.0684204101562,0,216101.5,4601.77,200,47687.82
2021-11-08,829.189208984375,0,213525.66,-2575.84,200,47687.82
2021-11-09,860.6878051757812,0,219825.38,6299.72,200,47687.82
2021-11-10,887.218017578125,0,225131.42,5306.04,200,47687.82
2021-11-11,892.13818359375,0,226115.45,984.03,200,47687.82
2021-11-12,904.7279663085938,0,228633.41,2517.96,200,47687.82
2021-11-15,895.659423828125,0,226819.7,-1813.71,200,47687.82
2021-11-16,926.4343872070312,0,232974.69,6154.99,200,47687.82
2021-11-17,920.7908325195312,0,231845.98,-1128.71,200,47687.82
2021-11-18,891.1251220703125,0,225912.84,-5933.14,200,47687.82
2021-11-22,869.0809936523438,0,221504.02,-4408.83,200,47687.82
2021-11-23,869.5632934570312,0,221600.48,96.46,200,47687.82
2021-11-24,861.7008056640625,0,220027.98,-1572.5,200,47687.82
2021-11-25,859.7713623046875,0,219642.09,-385.89,200,47687.82
2021-11-26,823.6419677734375,0,212416.21,-7225.88,200,47687.82
2021-11-29,820.7959594726562,0,211847.01,-569.2,200,47687.82
2021-11-30,806.03564453125,0,208894.95,-2952.06,200,47687.82
2021-12-01,805.2638549804688,0,208740.59,-154.36,200,47687.82
2021-12-02,819.590087890625,0,211605.83,2865.25,200,47687.82
2021-12-03,807.4344482421875,0,209174.71,-2431.13,200,47687.82
2021-12-06,793.1563720703125,0,206319.09,-2855.62,200,47687.82
2021-12-07,796.8223876953125,0,207052.29,733.2,200,47687.82
2021-12-08,811.1004638671875,0,209907.91,2855.62,200,47687.82
2021-12-09,821.08544921875,0,211904.91,1997.0,200,47687.82
2021-12-10,829.3821411132812,0,213564.25,1659.34,200,47687.82
2021-12-13,813.3675537109375,0,210361.33,-3202.92,200,47687.82
2021-12-14,807.3380126953125,0,209155.42,-1205.91,200,47687.82
2021-12-15,816.3582763671875,0,210959.47,1804.05,200,47687.82
2021-12-16,823.2078247070312,0,212329.38,1369.91,200,47687.82
2021-12-17,805.1672973632812,0,208721.28,-3608.11,200,47687.82
2021-12-20,785.5831909179688,0,204804.46,-3916.82,200,47687.82
2021-12-21,783.5573120117188,0,204399.28,-405.18,200,47687.82
2021-12-22,789.828125,0,205653.44,1254.16,200,47687.82
2021-12-23,797.6906127929688,0,207225.94,1572.5,200,47687.82
2021-12-24,783.991455078125,0,204486.11,-2739.83,200,47687.82
2021-12-27,789.683349609375,0,205624.49,1138.38,200,47687.82
2021-12-28,809.1227416992188,0,209512.37,3887.88,200,47687.82
2021-12-29,803.3343505859375,0,208354.69,-1157.68,200,47687.82
2021-12-30,800.0542602539062,0,207698.67,-656.02,200,47687.82
2021-12-31,807.62744140625,0,209213.31,1514.64,200,47687.82
2022-01-03,800.5366821289062,0,207795.15,-1418.15,200,47687.82
2022-01-04,802.5142822265625,0,208190.67,395.52,200,47687.82
2022-01-05,809.89453125,0,209666.72,1476.05,200,47687.82
2022-01-06,810.232177734375,0,209734.25,67.53,200,47687.82
2022-01-07,799.7647705078125,0,207640.77,-2093.48,200,47687.82
2022-01-10,812.2581176757812,0,210139.44,2498.67,200,47687.82
2022-01-11,811.7275390625,0,210033.33,-106.12,200,47687.82
2022-01-12,849.496826171875,0,217587.18,7553.86,200,47687.82
2022-01-13,864.4020385742188,0,220568.23,2981.04,200,47687.82
2022-01-14,850.1240234375,0,217712.62,-2855.6,200,47687.82
2022-01-17,869.0328369140625,0,221494.38,3781.76,200,47687.82
2022-01-18,860.6878051757812,0,219825.38,-1669.01,200,47687.82
2022-01-19,862.8584594726562,0,220259.51,434.13,200,47687.82
2022-01-20,849.4486083984375,0,217577.54,-2681.97,200,47687.82
2022-01-21,844.3355102539062,0,216554.92,-1022.62,200,47687.82
2022-01-24,824.5585327148438,0,212599.52,-3955.4,200,47687.82
2022-01-25,824.3655395507812,0,212560.93,-38.6,200,47687.82
2022-01-27,827.790283203125,0,213245.87,684.95,200,47687.82
2022-01-28,838.9812622070312,0,215484.07,2238.2,200,47687.82
2022-01-31,854.5617065429688,0,218600.16,3116.09,200,47687.82
2022-02-01,839.029541015625,0,215493.73,-3106.43,200,47687.82
2022-02-02,838.69189453125,0,215426.2,-67.53,200,47687.82
2022-02-03,826.005615234375,0,212888.94,-2537.26,200,47687.82
2022-02-04,812.0169677734375,0,210091.21,-2797.73,200,47687.82
2022-02-07,800.2471923828125,0,207737.26,-2353.96,200,47687.82
2022-02-08,802.7072143554688,0,208229.26,492.0,200,47687.82
2022-02-09,810.56982421875,0,209801.78,1572.52,200,47687.82
2022-02-10,822.9666748046875,0,212281.15,2479.37,200,47687.82
2022-02-11,823.5455932617188,0,212396.94,115.78,200,47687.82
2022-02-14,795.9541625976562,0,206878.65,-5518.29,200,47687.82
2022-02-15,824.4620361328125,0,212580.22,5701.57,200,47687.82
2022-02-16,833.771728515625,0,214442.16,1861.94,200,47687.82
2022-02-17,831.84228515625,0,214056.27,-385.89,200,47687.82
2022-02-18,821.9537353515625,0,212078.56,-1977.71,200,47687.82
2022-02-21,811.4380493164062,0,209975.43,-2103.14,200,47687.82
2022-02-22,823.15966796875,0,212319.75,2344.32,200,47687.82
2022-02-23,820.3135986328125,0,211750.54,-569.21,200,47687.82
2022-02-24,767.7356567382812,0,201234.95,-10515.59,200,47687.82
2022-02-25,779.1194458007812,0,203511.71,2276.76,200,47687.82
2022-02-28,762.960205078125,0,200279.86,-3231.85,200,47687.82
2022-03-02,750.9010009765625,0,197868.02,-2411.84,200,47687.82
2022-03-03,735.1758422851562,0,194722.99,-3145.03,200,47687.82
2022-03-04,706.4750366210938,0,188982.82,-5740.16,200,47687.82
2022-03-07,666.1973266601562,0,180927.28,-8055.54,200,47687.82
2022-03-08,675.941162109375,1,182876.05,1948.77,200,47687.82
2022-03-09,708.93505859375,0,189474.83,6598.78,200,47687.82
2022-03-10,712.7940063476562,0,190246.62,771.79,200,47687.82
2022-03-11,708.8868408203125,0,189465.19,-781.43,200,47687.82
2022-03-14,716.9905395507812,0,191085.93,1620.74,200,47687.82
2022-03-15,734.3558349609375,0,194558.98,3473.06,200,47687.82
2022-03-16,746.3667602539062,0,196961.17,2402.19,200,47687.82
2022-03-17,766.385009765625,0,200964.82,4003.65,200,47687.82
2022-03-21,755.869384765625,0,198861.69,-2103.12,200,47687.82
2022-03-22,757.8953247070312,0,199266.88,405.19,200,47687.82
2022-03-23,746.8009033203125,0,197048.0,-2218.88,200,47687.82
2022-03-24,738.6489868164062,0,195417.61,-1630.38,200,47687.82
2022-03-25,737.7805786132812,0,195243.93,-173.68,200,47687.82
2022-03-28,742.1219482421875,0,196112.21,868.27,200,47687.82
2022-03-29,746.0773315429688,0,196903.28,791.08,200,47687.82
2022-03-30,765.3720092773438,0,200762.22,3858.94,200,47687.82
2022-03-31,778.1065673828125,0,203309.13,2546.91,200,47687.82
2022-04-01,797.4011840820312,0,207168.05,3858.92,200,47687.82
2022-04-04,804.299072265625,0,208547.63,1379.58,200,47687.82
2022-04-05,807.048583984375,0,209097.53,549.9,200,47687.82
2022-04-06,798.6553344726562,0,207418.88,-1678.65,200,47687.82
2022-04-07,804.8779296875,0,208663.4,1244.52,200,47687.82
2022-04-08,827.163330078125,0,213120.48,4457.08,200,47687.82
2022-04-11,826.6326293945312,0,213014.34,-106.14,200,47687.82
2022-04-12,830.443359375,0,213776.49,762.15,200,47687.82
2022-04-13,835.5564575195312,0,214799.11,1022.62,200,47687.82
2022-04-18,843.2743530273438,0,216342.69,1543.58,200,47687.82
2022-04-19,841.7307739257812,0,216033.97,-308.72,200,47687.82
2022-04-20,850.172119140625,0,217722.24,1688.27,200,47687.82
2022-04-21,878.873046875,0,223462.43,5740.19,200,47687.82
2022-04-22,888.1827392578125,0,225324.37,1861.94,200,47687.82
2022-04-25,872.119873046875,0,222111.79,-3212.57,200,47687.82
2022-04-26,906.9950561523438,0,229086.83,6975.04,200,47687.82
2022-04-27,894.1640625,0,226520.63,-2566.2,200,47687.82
2022-04-28,890.3533935546875,0,225758.5,-762.13,200,47687.82
2022-04-29,889.5816040039062,0,225604.14,-154.36,200,47687.82
2022-05-02,888.8580322265625,0,225459.42,-144.71,200,47687.82
2022-05-04,864.49853515625,0,220587.52,-4871.9,200,47687.82
2022-05-05,867.3444213867188,0,221156.7,569.18,200,47687.82
2022-05-06,862.3278198242188,0,220153.38,-1003.32,200,47687.82
2022-05-09,863.7266845703125,0,220433.15,279.77,200,47687.82
2022-05-10,857.0217895507812,0,219092.18,-1340.98,200,47687.82
2022-05-11,855.7676391601562,0,218841.35,-250.83,200,47687.82
2022-05-12,834.7364501953125,0,214635.11,-4206.24,200,47687.82
2022-05-13,858.1312255859375,0,219314.06,4678.96,200,47687.82
2022-05-16,871.4927978515625,0,221986.38,2672.31,200,47687.82
2022-05-17,878.6799926757812,0,223423.82,1437.44,200,47687.82
2022-05-18,881.0919799804688,0,223906.21,482.4,200,47687.82
2022-05-19,851.4263305664062,0,217973.08,-5933.13,200,47687.82
2022-05-20,871.9269409179688,0,222073.21,4100.12,200,47687.82
2022-05-23,908.683349609375,0,229424.49,7351.28,200,47687.82
2022-05-24,913.458740234375,0,230379.57,955.08,200,47687.82
2022-05-25,895.659423828125,0,226819.7,-3559.86,200,47687.82
2022-05-26,897.010009765625,0,227089.82,270.12,200,47687.82
2022-05-27,919.2471313476562,0,231537.24,4447.42,200,47687.82
2022-05-30,963.142578125,0,240316.33,8779.09,200,47687.82
2022-05-31,997.8729858398438,0,247262.41,6946.08,200,47687.82
2022-06-01,1010.4146118164062,0,249770.74,2508.33,200,47687.82
2022-06-02,1007.71337890625,0,249230.49,-540.25,200,47687.82
2022-06-03,992.3740844726562,0,246162.63,-3067.86,200,47687.82
2022-06-06,999.41650390625,0,247571.12,1408.48,200,47687.82
2022-06-07,1005.783935546875,0,248844.6,1273.49,200,47687.82
2022-06-08,1008.1474609375,0,249317.31,472.71,200,47687.82
2022-06-09,1008.243896484375,0,249336.6,19.29,200,47687.82
2022-06-10,999.947265625,0,247677.27,-1659.33,200,47687.82
2022-06-13,968.8827514648438,0,241464.37,-6212.9,200,47687.82
2022-06-14,983.3055419921875,0,244348.93,2884.56,200,47687.82
2022-06-15,989.3351440429688,0,245554.85,1205.92,200,47687.82
2022-06-16,969.7991943359375,0,241647.66,-3907.19,200,47687.82
2022-06-17,962.4673461914062,0,240181.29,-1466.37,200,47687.82
2022-06-20,948.0444946289062,0,237296.72,-2884.57,200,47687.82
2022-06-21,962.7566528320312,0,240239.15,2942.43,200,47687.82
2022-06-22,949.105712890625,0,237508.96,-2730.19,200,47687.82
2022-06-23,991.45751953125,0,245979.32,8470.36,200,47687.82
2022-06-24,1034.24365234375,0,254536.55,8557.23,200,47687.82
2022-06-27,1044.517822265625,0,256591.38,2054.83,200,47687.82
2022-06-28,1072.78466796875,0,262244.75,5653.37,200,47687.82
2022-06-29,1072.54345703125,0,262196.51,-48.24,200,47687.82
2022-06-30,1054.5994873046875,0,258607.71,-3588.79,200,47687.82
2022-07-01,1068.298583984375,0,261347.53,2739.82,200,47687.82
2022-07-04,1052.718017578125,0,258231.42,-3116.11,200,47687.82
2022-07-05,1043.79443359375,0,256446.7,-1784.72,200,47687.82
2022-07-06,1065.597412109375,0,260807.3,4360.6,200,47687.82
2022-07-07,1093.33349609375,0,266354.52,5547.22,200,47687.82
2022-07-08,1093.6229248046875,0,266412.4,57.89,200,47687.82
2022-07-11,1123.9638671875,0,272480.59,6068.19,200,47687.82
2022-07-12,1106.212646484375,0,268930.35,-3550.24,200,47687.82
2022-07-13,1100.134765625,0,267714.77,-1215.58,200,47687.82
2022-07-14,1113.6331787109375,0,270414.45,2699.68,200,47687.82
2022-07-15,1142.7252197265625,0,276232.86,5818.41,200,47687.82
2022-07-18,1133.8563232421875,0,274459.08,-1773.78,200,47687.82
2022-07-19,1156.1259765625,0,278913.01,4453.93,200,47687.82
2022-07-20,1136.049072265625,0,274897.63,-4015.38,200,47687.82
2022-07-21,1145.3079833984375,0,276749.41,1851.78,200,47687.82
2022-07-22,1151.1068115234375,0,277909.18,1159.77,200,47687.82
2022-07-25,1107.005859375,0,269088.99,-8820.19,200,47687.82
2022-07-26,1107.1519775390625,0,269118.21,29.22,200,47687.82
2022-07-27,1109.19873046875,0,269527.56,409.35,200,47687.82
2022-07-28,1119.9681396484375,0,271681.45,2153.88,200,47687.82
2022-07-29,1134.8795166015625,0,274663.72,2982.28,200,47687.82
2022-08-01,1206.3182373046875,0,288951.46,14287.74,200,47687.82
2022-08-02,1222.642822265625,0,292216.38,3264.92,200,47687.82
2022-08-03,1221.8631591796875,0,292060.45,-155.93,200,47687.82
2022-08-04,1229.757568359375,0,293639.33,1578.88,200,47687.82
2022-08-05,1204.51513671875,0,288590.84,-5048.49,200,47687.82
2022-08-08,1244.279052734375,0,296543.63,7952.78,200,47687.82
2022-08-10,1235.848876953125,0,294857.59,-1686.04,200,47687.82
2022-08-11,1234.045654296875,0,294496.95,-360.64,200,47687.82
2022-08-12,1227.4671630859375,0,293181.25,-1315.7,200,47687.82
2022-08-16,1255.5845947265625,0,298804.74,5623.49,200,47687.82
2022-08-17,1241.8912353515625,0,296066.06,-2738.67,200,47687.82
2022-08-18,1229.1240234375,0,293512.62,-2553.44,200,47687.82
2022-08-19,1207.9263916015625,0,289273.1,-4239.53,200,47687.82
2022-08-22,1195.548828125,0,286797.58,-2475.51,200,47687.82
2022-08-23,1240.7706298828125,0,295841.94,9044.36,200,47687.82
2022-08-24,1236.0924072265625,0,294906.3,-935.64,200,47687.82
2022-08-25,1227.662109375,0,293220.24,-1686.06,200,47687.82
2022-08-26,1242.28125,0,296144.07,2923.83,200,47687.82
2022-08-29,1244.3765869140625,0,296563.13,419.07,200,47687.82
2022-08-30,1275.46630859375,0,302781.08,6217.94,200,47687.82
2022-09-01,1278.7314453125,0,303434.11,653.03,200,47687.82
2022-09-02,1282.5323486328125,0,304194.29,760.18,200,47687.82
2022-09-05,1287.015625,0,305090.94,896.66,200,47687.82
2022-09-06,1273.224853515625,0,302332.79,-2758.15,200,47687.82
2022-09-07,1256.9488525390625,0,299077.59,-3255.2,200,47687.82
2022-09-08,1288.3314208984375,0,305354.1,6276.51,200,47687.82
2022-09-09,1268.2056884765625,0,301328.96,-4025.15,200,47687.82
2022-09-12,1264.1124267578125,0,300510.3,-818.65,200,47687.82
2022-09-13,1266.8411865234375,0,301056.05,545.75,200,47687.82
2022-09-14,1265.0870361328125,0,300705.22,-350.83,200,47687.82
2022-09-15,1264.1124267578125,0,300510.3,-194.92,200,47687.82
2022-09-16,1218.3546142578125,0,291358.74,-9151.56,200,47687.82
2022-09-19,1255.9256591796875,0,298872.95,7514.21,200,47687.82
2022-09-20,1269.862548828125,0,301660.33,2787.38,200,47687.82
2022-09-21,1273.468505859375,0,302381.52,721.19,200,47687.82
2022-09-22,1277.1234130859375,0,303112.5,730.98,200,47687.82
2022-09-23,1239.9908447265625,0,295685.99,-7426.51,200,47687.82
2022-09-26,1205.0025634765625,0,288688.33,-6997.66,200,47687.82
2022-09-27,1204.3690185546875,0,288561.62,-126.71,200,47687.82
2022-09-28,1210.85009765625,0,289857.84,1296.22,200,47687.82
2022-09-29,1226.3951416015625,0,292966.85,3109.01,200,47687.82
2022-09-30,1235.994873046875,0,294886.79,1919.95,200,47687.82
2022-10-03,1219.57275390625,0,291602.37,-3284.42,200,47687.82
2022-10-04,1228.34423828125,0,293356.67,1754.3,200,47687.82
2022-10-06,1224.98193359375,0,292684.2,-672.46,200,47687.82
2022-10-07,1207.3902587890625,0,289165.87,-3518.33,200,47687.82
2022-10-10,1211.4349365234375,0,289974.8,808.94,200,47687.82
2022-10-11,1198.3265380859375,0,287353.12,-2621.68,200,47687.82
2022-10-12,1216.2105712890625,0,290929.93,3576.81,200,47687.82
2022-10-13,1216.5028076171875,0,290988.38,58.45,200,47687.82
2022-10-14,1199.0574951171875,0,287499.32,-3489.06,200,47687.82
2022-10-17,1198.7650146484375,0,287440.82,-58.5,200,47687.82
2022-10-18,1221.960693359375,0,292079.96,4639.14,200,47687.82
2022-10-19,1216.6978759765625,0,291027.39,-1052.56,200,47687.82
2022-10-20,1218.257080078125,0,291339.23,311.84,200,47687.82
2022-10-21,1224.835693359375,0,292654.96,1315.72,200,47687.82
2022-10-24,1238.675048828125,0,295422.83,2767.87,200,47687.82
2022-10-25,1248.859619140625,0,297459.74,2036.91,200,47687.82
2022-10-27,1261.2860107421875,0,299945.02,2485.28,200,47687.82
2022-10-28,1278.341552734375,0,303356.13,3411.11,200,47687.82
2022-10-31,1314.3531494140625,0,310558.45,7202.32,200,47687.82
2022-11-01,1319.664794921875,0,311620.78,1062.33,200,47687.82
2022-11-02,1318.008056640625,0,311289.43,-331.35,200,47687.82
2022-11-03,1301.488525390625,0,307985.52,-3303.91,200,47687.82
2022-11-04,1304.3148193359375,0,308550.78,565.26,200,47687.82
2022-11-07,1316.9847412109375,0,311084.77,2533.98,200,47687.82
2022-11-09,1303.5838623046875,0,308404.59,-2680.18,200,47687.82
2022-11-10,1265.2330322265625,0,300734.42,-7670.17,200,47687.82
2022-11-11,1254.4149169921875,0,298570.8,-2163.62,200,47687.82
2022-11-14,1245.6922607421875,0,296826.27,-1744.53,200,47687.82
2022-11-15,1258.8980712890625,0,299467.43,2641.16,200,47687.82
2022-11-16,1254.025146484375,0,298492.85,-974.58,200,47687.82
2022-11-17,1227.36962890625,0,293161.74,-5331.1,200,47687.82
2022-11-18,1195.9874267578125,0,286885.3,-6276.44,200,47687.82
2022-11-21,1187.3134765625,0,285150.51,-1734.79,200,47687.82
2022-11-22,1197.25439453125,0,287138.7,1988.18,200,47687.82
2022-11-23,1204.3201904296875,0,288551.86,1413.16,200,47687.82
2022-11-24,1222.204345703125,0,292128.69,3576.83,200,47687.82
2022-11-25,1228.782958984375,0,293444.41,1315.72,200,47687.82
2022-11-28,1218.9393310546875,0,291475.68,-1968.73,200,47687.82
2022-11-29,1225.1767578125,0,292723.17,1247.49,200,47687.82
2022-11-30,1272.4451904296875,0,302176.86,9453.69,200,47687.82
2022-12-01,1260.603759765625,0,299808.57,-2368.29,200,47687.82
2022-12-02,1232.4864501953125,0,294185.11,-5623.46,200,47687.82
2022-12-05,1227.808349609375,0,293249.49,-935.62,200,47687.82
2022-12-06,1230.9757080078125,0,293882.96,633.47,200,47687.82
2022-12-07,1234.4356689453125,0,294574.95,691.99,200,47687.82
2022-12-08,1241.98876953125,0,296085.57,1510.62,200,47687.82
2022-12-09,1233.26611328125,0,294341.04,-1744.53,200,47687.82
2022-12-12,1231.9017333984375,0,294068.16,-272.88,200,47687.82
2022-12-13,1250.7601318359375,0,297839.84,3771.68,200,47687.82
2022-12-14,1253.7813720703125,0,298444.09,604.25,200,47687.82
2022-12-15,1254.268798828125,0,298541.58,97.49,200,47687.82
2022-12-16,1219.81640625,0,291651.1,-6890.48,200,47687.82
2022-12-19,1257.875,0,299262.82,7611.72,200,47687.82
2022-12-20,1242.865966796875,0,296261.01,-3001.81,200,47687.82
2022-12-21,1233.558349609375,0,294399.49,-1861.52,200,47687.82
2022-12-22,1202.6146240234375,0,288210.74,-6188.75,200,47687.82
2022-12-23,1193.5020751953125,0,286388.23,-1822.51,200,47687.82
2022-12-26,1205.635986328125,0,288815.01,2426.78,200,47687.82
2022-12-27,1202.9071044921875,0,288269.24,-545.78,200,47687.82
2022-12-28,1220.54736328125,0,291797.29,3528.05,200,47687.82
2022-12-29,1230.29345703125,0,293746.51,1949.22,200,47687.82
2022-12-30,1217.4774169921875,0,291183.3,-2563.21,200,47687.82
2023-01-02,1230.78076171875,0,293843.97,2660.67,200,47687.82
2023-01-03,1217.574951171875,0,291202.81,-2641.16,200,47687.82
2023-01-04,1204.8076171875,0,288649.34,-2553.47,200,47687.82
2023-01-05,1220.83984375,0,291855.79,3206.45,200,47687.82
2023-01-06,1232.7786865234375,0,294243.55,2387.77,200,47687.82
2023-01-09,1277.0745849609375,0,303102.73,8859.18,200,47687.82
2023-01-10,1281.509033203125,0,303989.62,886.89,200,47687.82
2023-01-11,1279.267333984375,0,303541.28,-448.34,200,47687.82
2023-01-12,1286.3822021484375,0,304964.26,1422.97,200,47687.82
2023-01-13,1294.422607421875,0,306572.34,1608.08,200,47687.82
2023-01-16,1282.1912841796875,0,304126.07,-2446.26,200,47687.82
2023-01-17,1287.307861328125,0,305149.39,1023.32,200,47687.82
2023-01-18,1288.5748291015625,0,305402.78,253.39,200,47687.82
2023-01-19,1286.0408935546875,0,304896.0,-506.79,200,47687.82
2023-01-20,1281.3629150390625,0,303960.4,-935.6,200,47687.82
2023-01-23,1294.71484375,0,306630.79,2670.39,200,47687.82
2023-01-24,1290.280517578125,0,305743.92,-886.87,200,47687.82
2023-01-25,1278.1954345703125,0,303326.9,-2417.02,200,47687.82
2023-01-27,1286.67431640625,0,305022.68,1695.78,200,47687.82
2023-01-30,1297.7850341796875,0,307244.82,2222.14,200,47687.82
2023-01-31,1343.737548828125,0,316435.33,9190.5,200,47687.82
2023-02-01,1317.715576171875,0,311230.93,-5204.39,200,47687.82
2023-02-02,1318.0567626953125,0,311299.17,68.24,200,47687.82
2023-02-03,1352.7528076171875,0,318238.38,6939.21,200,47687.82
2023-02-06,1341.057373046875,0,315899.29,-2339.09,200,47687.82
2023-02-07,1331.99365234375,0,314086.55,-1812.74,200,47687.82
2023-02-08,1338.1824951171875,0,315324.32,1237.77,200,47687.82
2023-02-09,1337.353759765625,0,315158.57,-165.75,200,47687.82
2023-02-10,1330.775390625,0,313842.9,-1315.67,200,47687.82
2023-02-13,1318.6414794921875,0,311416.11,-2426.78,200,47687.82
2023-02-14,1328.53369140625,0,313394.56,1978.44,200,47687.82
2023-02-15,1344.322265625,0,316552.27,3157.71,200,47687.82
2023-02-16,1333.40673828125,0,314369.17,-2183.11,200,47687.82
2023-02-17,1307.4334716796875,0,309174.51,-5194.65,200,47687.82
2023-02-20,1312.0628662109375,0,310100.39,925.88,200,47687.82
2023-02-21,1317.5206298828125,0,311191.94,1091.55,200,47687.82
2023-02-22,1286.23583984375,0,304934.99,-6256.96,200,47687.82
2023-02-23,1280.5831298828125,0,303804.44,-1130.54,200,47687.82
2023-02-24,1247.690185546875,0,297225.85,-6578.59,200,47687.82
2023-02-27,1225.4691162109375,0,292781.64,-4444.21,200,47687.82
2023-02-28,1237.359375,0,295159.69,2378.05,200,47687.82
2023-03-01,1239.8446044921875,0,295656.74,497.05,200,47687.82
2023-03-02,1219.7677001953125,0,291641.36,-4015.38,200,47687.82
2023-03-03,1236.384765625,0,294964.77,3323.41,200,47687.82
2023-03-06,1238.1878662109375,0,295325.39,360.62,200,47687.82
2023-03-08,1257.192626953125,0,299126.34,3800.95,200,47687.82
2023-03-09,1216.4541015625,0,290978.64,-8147.71,200,47687.82
2023-03-10,1195.548828125,0,286797.58,-4181.05,200,47687.82
2023-03-13,1163.14306640625,0,280316.43,-6481.15,200,47687.82
2023-03-14,1131.3223876953125,0,273952.29,-6364.14,200,47687.82
2023-03-15,1130.8837890625,0,273864.58,-87.72,200,47687.82
2023-03-16,1137.41357421875,1,275170.53,1305.96,200,47687.82
2023-03-17,1141.75048828125,0,276037.92,867.38,200,47687.82
2023-03-20,1137.998291015625,0,275287.48,-750.44,200,47687.82
2023-03-21,1130.8350830078125,0,273854.83,-1432.64,200,47687.82
2023-03-22,1134.53857421875,0,274595.53,740.7,200,47687.82
2023-03-23,1135.366943359375,0,274761.21,165.67,200,47687.82
2023-03-24,1121.5762939453125,0,272003.08,-2758.13,200,47687.82
2023-03-27,1109.0037841796875,0,269488.57,-2514.5,200,47687.82
2023-03-28,1099.647705078125,1,267617.36,-1871.22,200,47687.82
2023-03-29,1115.2413330078125,0,270736.08,3118.73,200,47687.82
2023-03-31,1129.2755126953125,0,273542.92,2806.84,200,47687.82
2023-04-03,1140.1912841796875,0,275726.07,2183.15,200,47687.82
2023-04-05,1126.1080322265625,0,272909.42,-2816.65,200,47687.82
2023-04-06,1141.507080078125,0,275989.23,3079.81,200,47687.82
2023-04-10,1158.416259765625,0,279371.07,3381.84,200,47687.82
2023-04-11,1171.1837158203125,0,281924.56,2553.49,200,47687.82
2023-04-12,1176.690185546875,0,283025.85,1101.29,200,47687.82
2023-04-13,1173.9613037109375,0,282480.08,-545.78,200,47687.82
2023-04-17,1182.14794921875,0,284117.41,1637.33,200,47687.82
2023-04-18,1174.107421875,0,282509.3,-1608.11,200,47687.82
2023-04-19,1184.6331787109375,0,284614.45,2105.15,200,47687.82
2023-04-20,1187.654541015625,0,285218.73,604.27,200,47687.82
2023-04-21,1181.953125,0,284078.44,-1140.28,200,47687.82
2023-04-24,1177.080078125,0,283103.83,-974.61,200,47687.82
2023-04-25,1179.1265869140625,0,283513.13,409.3,200,47687.82
2023-04-26,1182.7327880859375,0,284234.38,721.24,200,47687.82
2023-04-27,1192.9173583984375,0,286271.29,2036.91,200,47687.82
2023-04-28,1195.7437744140625,0,286836.57,565.28,200,47687.82
2023-05-02,1205.879638671875,0,288863.75,2027.17,200,47687.82
2023-05-03,1204.0765380859375,0,288503.12,-360.62,200,47687.82
2023-05-04,1200.421875,0,287772.19,-730.93,200,47687.82
2023-05-05,1180.4422607421875,0,283776.27,-3995.92,200,47687.82
2023-05-08,1200.519287109375,0,287791.67,4015.41,200,47687.82
2023-05-09,1213.8226318359375,0,290452.34,2660.67,200,47687.82
2023-05-10,1216.94140625,0,291076.1,623.75,200,47687.82
2023-05-11,1219.524169921875,0,291592.65,516.55,200,47687.82
2023-05-12,1243.548095703125,0,296397.44,4804.79,200,47687.82
2023-05-15,1253.0018310546875,0,298288.18,1890.75,200,47687.82
2023-05-16,1230.390869140625,0,293765.99,-4522.19,200,47687.82
2023-05-17,1231.0244140625,0,293892.7,126.71,200,47687.82
2023-05-18,1213.871337890625,0,290462.08,-3430.62,200,47687.82
2023-05-19,1228.39306640625,0,293366.43,2904.35,200,47687.82
2023-05-22,1233.4122314453125,0,294370.26,1003.83,200,47687.82
2023-05-23,1236.336181640625,0,294955.05,584.79,200,47687.82
2023-05-24,1243.3045654296875,0,296348.73,1393.68,200,47687.82
2023-05-25,1245.3511962890625,0,296758.06,409.33,200,47687.82
2023-05-26,1249.2982177734375,0,297547.46,789.4,200,47687.82
2023-05-29,1296.371826171875,0,306962.18,9414.72,200,47687.82
2023-05-30,1294.71484375,0,306630.79,-331.4,200,47687.82
2023-05-31,1285.5048828125,0,304788.79,-1841.99,200,47687.82
2023-06-01,1285.407470703125,0,304769.31,-19.48,200,47687.82
2023-06-02,1307.336181640625,0,309155.05,4385.74,200,47687.82
2023-06-05,1359.9647216796875,0,319680.76,10525.71,200,47687.82
2023-06-06,1375.363525390625,0,322760.52,3079.76,200,47687.82
2023-06-07,1370.685546875,0,321824.93,-935.6,200,47687.82
2023-06-08,1345.979248046875,0,316883.67,-4941.26,200,47687.82
2023-06-09,1335.8433837890625,0,314856.49,-2027.17,200,47687.82
2023-06-12,1346.3203125,0,316951.88,2095.39,200,47687.82
2023-06-13,1338.2799072265625,0,315343.8,-1608.08,200,47687.82
2023-06-14,1343.64013671875,0,316415.84,1072.05,200,47687.82
2023-06-15,1357.382080078125,0,319164.23,2748.39,200,47687.82
2023-06-16,1368.2000732421875,0,321327.83,2163.6,200,47687.82
2023-06-19,1366.9332275390625,0,321074.46,-253.37,200,47687.82
2023-06-20,1360.9881591796875,0,319885.45,-1189.01,200,47687.82
2023-06-21,1339.351806640625,0,315558.18,-4327.27,200,47687.82
2023-06-22,1343.688720703125,0,316425.56,867.38,200,47687.82
2023-06-23,1338.3773193359375,0,315363.28,-1062.28,200,47687.82
2023-06-26,1362.15771484375,0,320119.36,4756.08,200,47687.82
2023-06-27,1366.787109375,0,321045.24,925.88,200,47687.82
2023-06-28,1359.5748291015625,0,319602.78,-1442.46,200,47687.82
2023-06-30,1416.6868896484375,0,331025.2,11422.41,200,47687.82
2023-07-03,1430.6724853515625,0,333822.31,2797.12,200,47687.82
2023-07-04,1427.26123046875,0,333140.06,-682.25,200,47687.82
2023-07-05,1437.884521484375,0,335264.72,2124.66,200,47687.82
2023-07-06,1509.4693603515625,0,349581.69,14316.97,200,47687.82
2023-07-07,1524.4295654296875,0,352573.73,2992.04,200,47687.82
2023-07-10,1512.0032958984375,0,350088.48,-2485.25,200,47687.82
2023-07-11,1529.5947265625,0,353606.76,3518.29,200,47687.82
2023-07-12,1530.959228515625,0,353879.66,272.9,200,47687.82
2023-07-13,1527.109619140625,-1,353109.74,-769.92,100,200398.78
2023-07-14,1523.072021484375,0,352705.98,-403.76,100,200398.78
2023-07-17,1512.9775390625,0,351696.53,-1009.45,100,200398.78
2023-07-18,1511.40185546875,0,351538.96,-157.57,100,200398.78
2023-07-19,1521.0037841796875,0,352499.16,960.19,100,200398.78
2023-07-20,1521.8900146484375,0,352587.78,88.62,100,200398.78
2023-07-21,1500.371826171875,0,350435.96,-2151.82,100,200398.78
2023-07-24,1523.3673095703125,0,352735.51,2299.55,100,200398.78
2023-07-25,1541.9803466796875,0,354596.81,1861.3,100,200398.78
2023-07-26,1521.397705078125,0,352538.55,-2058.26,100,200398.78
2023-07-27,1425.427001953125,0,342941.48,-9597.07,100,200398.78
2023-07-28,1445.5174560546875,0,344950.52,2009.05,100,200398.78
2023-07-31,1452.804931640625,0,345679.27,728.75,100,200398.78
2023-08-01,1470.679443359375,0,347466.72,1787.45,100,200398.78
2023-08-02,1462.7518310546875,0,346673.96,-792.76,100,200398.78
2023-08-03,1446.846923828125,0,345083.47,-1590.49,100,200398.78
2023-08-04,1442.4151611328125,0,344640.3,-443.18,100,200398.78
2023-08-07,1503.72021484375,0,350770.8,6130.51,100,200398.78
2023-08-08,1476.93310546875,0,348092.09,-2678.71,100,200398.78
2023-08-09,1511.4510498046875,0,351543.88,3451.79,100,200398.78
2023-08-10,1521.9393310546875,0,352592.71,1048.83,100,200398.78
2023-08-11,1522.9732666015625,0,352696.11,103.39,100,200398.78
2023-08-14,1523.3673095703125,0,352735.51,39.4,100,200398.78
2023-08-16,1546.7568359375,0,355074.46,2338.95,100,200398.78
2023-08-17,1549.61279296875,0,355360.06,285.6,100,200398.78
2023-08-18,1529.079345703125,0,353306.71,-2053.34,100,200398.78
2023-08-21,1515.193359375,0,351918.12,-1388.6,100,200398.78
2023-08-22,1526.9619140625,0,353094.97,1176.86,100,200398.78
2023-08-23,1519.0341796875,0,352302.2,-792.77,100,200398.78
2023-08-24,1518.787841796875,0,352277.56,-24.63,100,200398.78
2023-08-25,1496.9742431640625,0,350096.2,-2181.36,100,200398.78
2023-08-28,1525.73095703125,0,352971.88,2875.67,100,200398.78
2023-08-29,1537.15478515625,0,354114.26,1142.38,100,200398.78
2023-08-30,1559.16552734375,0,356315.33,2201.07,100,200398.78
2023-08-31,1551.48388671875,0,355547.17,-768.16,100,200398.78
2023-09-01,1567.78271484375,0,357177.05,1629.88,100,200398.78
2023-09-04,1552.46875,0,355645.65,-1531.4,100,200398.78
2023-09-05,1547.2984619140625,0,355128.63,-517.03,100,200398.78
2023-09-06,1553.0596923828125,0,355704.75,576.12,100,200398.78
2023-09-07,1541.9803466796875,0,354596.81,-1107.93,100,200398.78
2023-09-08,1543.753173828125,0,354774.1,177.28,100,200398.78
2023-09-11,1558.082275390625,0,356207.01,1432.91,100,200398.78
2023-09-12,1534.298828125,0,353828.66,-2378.34,100,200398.78
2023-09-13,1513.61767578125,0,351760.55,-2068.12,100,200398.78
2023-09-14,1542.2266845703125,0,354621.45,2860.9,100,200398.78
2023-09-15,1576.793701171875,0,358078.15,3456.7,100,200398.78
2023-09-18,1616.53125,0,362051.9,3973.75,100,200398.78
2023-09-20,1609.1943359375,0,361318.21,-733.69,100,200398.78
2023-09-21,1559.21484375,0,356320.26,-4997.95,100,200398.78
2023-09-22,1582.751953125,0,358673.97,2353.71,100,200398.78
2023-09-25,1565.320556640625,0,356930.83,-1743.14,100,200398.78
2023-09-26,1570.9833984375,0,357497.12,566.28,100,200398.78
2023-09-27,1565.0743408203125,0,356906.21,-590.91,100,200398.78
2023-09-28,1532.427734375,0,353641.55,-3264.66,100,200398.78
2023-09-29,1530.655029296875,0,353464.28,-177.27,100,200398.78
2023-10-03,1514.060791015625,0,351804.86,-1659.42,100,200398.78
2023-10-04,1498.9930419921875,0,350298.08,-1506.77,100,200398.78
2023-10-05,1514.6024169921875,0,351859.02,1560.94,100,200398.78
2023-10-06,1525.3370361328125,0,352932.48,1073.46,100,200398.78
2023-10-09,1492.19775390625,0,349618.55,-3313.93,100,200398.78
2023-10-10,1514.50390625,0,351849.17,2230.62,100,200398.78
2023-10-11,1532.6739501953125,0,353666.17,1817.0,100,200398.78
2023-10-12,1542.8668212890625,0,354685.46,1019.29,100,200398.78
2023-10-13,1538.73046875,0,354271.83,-413.64,100,200398.78
2023-10-16,1550.6468505859375,0,355463.46,1191.64,100,200398.78
2023-10-17,1552.6656494140625,0,355665.34,201.88,100,200398.78
2023-10-18,1550.9422607421875,0,355493.01,-172.34,100,200398.78
2023-10-19,1545.7227783203125,0,354971.06,-521.95,100,200398.78
2023-10-20,1534.59423828125,0,353858.2,-1112.85,100,200398.78
2023-10-23,1541.3896484375,0,354537.74,679.54,100,200398.78
2023-10-25,1545.279541015625,0,354926.73,388.99,100,200398.78
2023-10-26,1483.2359619140625,0,348722.38,-6204.36,100,200398.78
2023-10-27,1487.8646240234375,0,349185.24,462.87,100,200398.78
2023-10-30,1475.06201171875,0,347904.98,-1280.26,100,200398.78
2023-10-31,1436.45703125,0,344044.48,-3860.5,100,200398.78
2023-11-01,1432.5177001953125,0,343650.55,-393.93,100,200398.78
2023-11-02,1447.3885498046875,0,345137.63,1487.08,100,200398.78
2023-11-03,1446.69921875,0,345068.7,-68.93,100,200398.78
2023-11-06,1465.7061767578125,0,346969.4,1900.7,100,200398.78
2023-11-07,1457.2860107421875,0,346127.38,-842.02,100,200398.78
2023-11-08,1464.8199462890625,0,346880.77,753.39,100,200398.78
2023-11-09,1528.488525390625,0,353247.63,6366.86,100,200398.78
2023-11-10,1500.9627685546875,0,350495.06,-2752.58,100,200398.78
2023-11-13,1516.8675537109375,0,352085.53,1590.48,100,200398.78
2023-11-15,1520.7083740234375,0,352469.62,384.08,100,200398.78
2023-11-16,1545.673583984375,0,354966.14,2496.52,100,200398.78
2023-11-17,1560.4951171875,0,356448.29,1482.15,100,200398.78
2023-11-20,1528.6361083984375,0,353262.39,-3185.9,100,200398.78
2023-11-21,1536.071533203125,0,354005.93,743.54,100,200398.78
2023-11-22,1520.0189208984375,0,352400.67,-1605.26,100,200398.78
2023-11-23,1522.382568359375,0,352637.04,236.36,100,200398.78
2023-11-24,1529.6209716796875,0,353360.88,723.84,100,200398.78
2023-11-28,1542.2760009765625,0,354626.38,1265.5,100,200398.78
2023-11-29,1594.5205078125,0,359850.83,5224.45,100,200398.78
2023-11-30,1622.735595703125,0,362672.34,2821.51,100,200398.78
2023-12-01,1600.8233642578125,0,360481.12,-2191.22,100,200398.78
2023-12-04,1631.6973876953125,0,363568.52,3087.4,100,200398.78
2023-12-05,1660.4542236328125,0,366444.2,2875.68,100,200398.78
2023-12-06,1676.555908203125,0,368054.37,1610.17,100,200398.78
2023-12-07,1666.9539794921875,0,367094.18,-960.19,100,200398.78
2023-12-08,1643.2198486328125,0,364720.76,-2373.41,100,200398.78
2023-12-11,1627.1180419921875,0,363110.58,-1610.18,100,200398.78
2023-12-12,1610.5731201171875,0,361456.09,-1654.49,100,200398.78
2023-12-13,1640.8563232421875,0,364484.41,3028.32,100,200398.78
2023-12-14,1677.6884765625,0,368167.63,3683.22,100,200398.78
2023-12-15,1698.7635498046875,0,370275.13,2107.51,100,200398.78
2023-12-18,1684.8284912109375,0,368881.63,-1393.51,100,200398.78
2023-12-19,1673.55224609375,0,367754.0,-1127.62,100,200398.78
2023-12-20,1621.94775390625,0,362593.55,-5160.45,100,200398.78
2023-12-21,1609.046630859375,0,361303.44,-1290.11,100,200398.78
2023-12-22,1609.4405517578125,0,361342.83,39.39,100,200398.78
2023-12-26,1637.0155029296875,0,364100.33,2757.5,100,200398.78
2023-12-27,1662.3253173828125,0,366631.31,2530.98,100,200398.78
2023-12-28,1708.119384765625,0,371210.72,4579.41,100,200398.78
2023-12-29,1703.1461181640625,0,370713.39,-497.33,100,200398.78
